time,current
839385,0
839396,0
839406,0
839416,0
839427,0
839437,2
839448,0
839458,1
839468,0
839479,2
839489,1
839500,0
839510,0
839520,1
839531,0
839541,0
839552,0
839562,0
839572,0
839583,1
839593,0
839604,0
839614,1
839624,0
839635,1
839645,0
839655,0
839666,0
839676,0
839687,0
839697,0
839707,0
839718,1
839728,0
839739,1
839749,0
839759,1
839770,0
839780,0
839791,0
839801,0
839811,0
839822,0
839832,1
839843,1
839853,0
839863,1
839874,1
839884,0
839895,0
839905,0
839915,0
839926,1
839936,0
839947,2
839957,0
839967,0
839978,1
839988,1
839998,0
840009,0
840019,0
840030,1
840040,0
840050,0
840061,1
840071,1
840082,0
840092,0
840102,1
840113,0
840123,0
840134,2
840144,0
840154,0
840165,0
840175,0
840186,2
840196,0
840206,2
840217,1
840227,1
840238,0
840248,0
840258,0
840269,0
840279,0
840290,0
840300,1
840310,0
840321,0
840331,0
840341,0
840352,3
840362,0
840373,0
840383,0
840393,0
840404,0
840414,0
840425,1
840435,0
840445,0
840456,0
840466,0
840477,0
840487,1
840497,0
840508,0
840518,0
840529,0
840539,0
840549,0
840560,0
840570,0
840581,0
840591,0
840601,0
840612,1
840622,0
840632,0
840643,0
840653,1
840664,0
840674,0
840684,1
840695,0
840705,1
840716,1
840726,0
840736,0
840747,0
840757,1
840768,1
840778,1
840788,0
840799,0
840809,0
840820,1
840830,0
840840,0
840851,0
840861,0
840872,0
840882,0
840892,0
840903,0
840913,0
840924,1
840934,0
840944,0
840955,2
840965,1
840975,0
840986,0
840996,1
841007,0
841017,0
841027,0
841038,0
841048,0
841059,4
841069,0
841079,0
841090,0
841100,0
841111,0
841121,0
841131,0
841142,0
841152,0
841163,0
841173,0
841183,0
841194,0
841204,2
841215,1
841225,0
841235,0
841246,0
841256,0
841267,1
841277,0
841287,0
841298,0
841308,0
841319,0
841329,0
841339,0
841350,0
841360,1
841371,0
841381,0
841391,0
841402,0
841412,1
841422,2
841433,0
841443,0
841454,1
841464,0
841474,0
841485,0
841495,0
841506,1
841516,1
841526,0
841537,0
841547,0
841558,1
841568,0
841578,1
841589,0
841599,0
841610,1
841620,1
841630,1
841641,2
841651,0
841662,0
841672,0
841682,0
841693,0
841703,1
841714,0
841724,1
841734,0
841745,0
841755,1
841766,0
841776,0
841786,0
841797,1
841807,0
841818,0
841828,0
841838,0
841849,0
841859,0
841870,2
841880,0
841890,1
841901,0
841911,0
841921,0
841932,0
841942,0
841953,0
841963,0
841973,0
841984,1
841994,0
842005,0
842015,0
842025,0
842036,0
842046,0
842057,0
842067,0
842077,2
842088,0
842098,1
842109,0
842119,0
842129,0
842140,1
842150,0
842161,0
842171,0
842181,0
842192,0
842202,0
842213,1
842223,0
842233,0
842244,0
842254,0
842265,0
842275,0
842285,0
842296,0
842306,1
842317,1
842327,1
842337,0
842348,2
842358,1
842369,1
842379,1
842389,0
842400,0
842410,0
842420,0
842431,0
842441,0
842452,0
842462,1
842472,0
842483,0
842493,0
842504,0
842514,0
842524,0
842535,0
842545,2
842556,0
842566,0
842576,1
842587,2
842597,0
842608,3
842618,1
842628,0
842639,0
842649,0
842660,2
842670,0
842680,0
842691,0
842701,0
842712,0
842722,0
842732,0
842743,0
842753,0
842764,0
842774,4
842784,0
842795,0
842805,0
842816,0
842826,0
842836,0
842847,0
842857,0
842868,0
842878,0
842888,0
842899,1
842909,2
842919,0
842930,1
842940,0
842951,0
842961,0
842971,1
842982,0
842992,0
843003,0
843013,1
843023,1
843034,0
843044,1
843055,0
843065,0
843075,0
843086,0
843096,0
843107,0
843117,0
843127,0
843138,0
843148,0
843159,1
843169,0
843179,0
843190,0
843200,2
843211,0
843221,0
843231,0
843242,0
843252,0
843263,1
843273,1
843283,0
843294,0
843304,2
843315,0
843325,1
843335,0
843346,0
843356,0
843366,0
843377,0
843387,2
843398,0
843408,0
843418,0
843429,0
843439,1
843450,0
843460,0
843470,1
843481,0
843491,0
843502,0
843512,0
843522,0
843533,0
843543,0
843554,0
843564,1
843574,0
843585,0
843595,0
843606,0
843616,0
843626,0
843637,0
843647,0
843658,0
843668,0
843678,0
843689,0
843699,0
843709,0
843720,0
843730,0
843741,0
843751,0
843761,0
843772,0
843782,0
843793,0
843803,0
843813,2
843824,0
843834,0
843845,0
843855,1
843865,0
843876,0
843886,1
843897,0
843907,0
843917,1
843928,1
843938,0
843949,0
843959,0
843969,0
843980,0
843990,1
844001,0
844011,0
844021,1
844032,0
844042,0
844052,0
844063,1
844073,0
844084,0
844094,0
844104,0
844115,1
844125,0
844136,0
844146,1
844156,0
844167,0
844177,0
844188,0
844198,0
844208,0
844219,1
844229,0
844240,0
844250,1
844260,0
844271,0
844281,0
844292,0
844302,0
844312,0
844323,0
844333,0
844343,0
844354,0
844364,0
844375,2
844385,0
844395,1
844406,0
844416,0
844427,0
844437,0
844447,0
844458,0
844468,0
844479,2
844489,0
844499,0
844510,0
844520,0
844531,0
844541,0
844551,2
844562,1
844572,0
844583,1
844593,0
844603,0
844614,0
844624,0
844635,1
844645,1
844655,0
844666,0
844676,1
844686,0
844697,1
844707,0
844718,0
844728,1
844738,0
844749,0
844759,0
844770,2
844780,0
844790,0
844801,0
844811,1
844822,0
844832,0
844842,0
844853,0
844863,0
844874,1
844884,1
844894,2
844905,1
844915,0
844926,0
844936,1
844946,0
844957,0
844967,0
844977,0
844988,1
844998,0
845009,0
845019,1
845029,2
845040,0
845050,0
845061,0
845071,8
845081,0
845092,0
845102,0
845113,0
845123,0
845133,1
845144,0
845154,0
845165,2
845175,0
845185,0
845196,2
845206,1
845217,0
845227,0
845237,0
845248,0
845258,1
845269,0
845279,2
845289,0
845300,0
845310,1
845320,0
845331,0
845341,1
845352,1
845362,0
845372,1
845383,0
845393,0
845404,0
845414,0
845424,0
845435,0
845445,0
845456,2
845466,0
845476,0
845487,0
845497,1
845508,1
845518,0
845528,0
845539,2
845549,0
845560,0
845570,0
845580,0
845591,0
845601,0
845612,0
845622,0
845632,0
845643,1
845653,1
845663,0
845674,0
845684,1
845695,1
845705,0
845715,0
845726,0
845736,1
845747,0
845757,0
845767,0
845778,0
845788,0
845799,0
845809,0
845819,0
845830,0
845840,0
845851,0
845861,0
845871,0
845882,0
845892,0
845903,0
845913,0
845923,0
845934,0
845944,0
845954,0
845965,0
845975,0
845986,0
845996,1
846006,0
846017,0
846027,0
846038,0
846048,0
846058,0
846069,0
846079,1
846090,0
846100,0
846110,0
846121,0
846131,0
846142,0
846152,0
846162,0
846173,0
846183,0
846194,0
846204,1
846214,0
846225,0
846235,0
846246,0
846256,0
846266,0
846277,0
846287,1
846297,1
846308,0
846318,0
846329,0
846339,2
846349,0
846360,0
846370,0
846381,1
846391,0
846401,0
846412,1
846422,1
846433,1
846443,0
846453,0
846464,0
846474,0
846485,0
846495,0
846505,2
846516,0
846526,1
846537,1
846547,0
846557,0
846568,0
846578,2
846588,1
846599,0
846609,0
846620,0
846630,0
846640,0
846651,0
846661,0
846672,1
846682,0
846692,1
846703,0
846713,0
846724,0
846734,0
846744,0
846755,0
846765,0
846776,1
846786,2
846796,2
846807,0
846817,1
846828,0
846838,0
846848,0
846859,0
846869,0
846880,1
846890,0
846900,0
846911,1
846921,0
846931,0
846942,0
846952,0
846963,1
846973,0
846983,0
846994,0
847004,0
847015,0
847025,0
847035,1
847046,0
847056,0
847067,0
847077,0
847087,0
847098,0
847108,0
847119,2
847129,0
847139,0
847150,0
847160,0
847171,0
847181,0
847191,0
847202,0
847212,0
847223,1
847233,0
847243,4
847254,0
847264,0
847274,0
847285,0
847295,0
847306,0
847316,0
847326,0
847337,0
847347,0
847358,1
847368,0
847378,0
847389,0
847399,0
847410,1
847420,0
847430,0
847441,1
847451,0
847462,1
847472,0
847482,0
847493,0
847503,0
847514,0
847524,0
847534,0
847545,0
847555,0
847566,0
847576,0
847586,0
847597,1
847607,0
847618,1
847628,0
847638,1
847649,0
847659,0
847670,0
847680,0
847690,0
847701,0
847711,1
847721,0
847732,0
847742,0
847753,0
847763,0
847773,0
847784,0
847794,0
847805,1
847815,0
847825,1
847836,0
847846,0
847857,0
847867,1
847877,0
847888,0
847898,0
847909,0
847919,0
847929,0
847940,0
847950,0
847961,0
847971,0
847981,0
847992,0
848002,1
848013,0
848023,0
848033,0
848044,0
848054,0
848065,0
848075,0
848085,1
848096,0
848106,0
848117,0
848127,0
848137,0
848148,0
848158,0
848169,0
848179,0
848189,0
848200,0
848210,0
848220,0
848231,2
848241,0
848252,1
848262,0
848272,0
848283,0
848293,0
848304,0
848314,1
848324,0
848335,0
848345,0
848356,0
848366,0
848376,0
848387,2
848397,0
848408,0
848418,1
848428,0
848439,0
848449,0
848460,0
848470,0
848480,0
848491,1
848501,0
848512,0
848522,1
848532,0
848543,1
848553,2
848564,1
848574,1
848584,0
848595,0
848605,0
848616,0
848626,1
848636,0
848647,0
848657,0
848668,0
848678,1
848688,0
848699,0
848709,1
848719,0
848730,1
848740,0
848751,0
848761,0
848771,0
848782,1
848792,0
848803,0
848813,0
848823,0
848834,0
848844,0
848855,2
848865,0
848875,0
848886,0
848896,0
848907,0
848917,0
848927,0
848938,0
848948,0
848959,0
848969,0
848979,0
848990,0
849000,1
849011,1
849021,0
849031,0
849042,0
849052,0
849063,0
849073,0
849083,2
849094,0
849104,0
849115,2
849125,0
849135,0
849146,0
849156,0
849167,1
849177,0
849187,0
849198,0
849208,0
849219,0
849229,0
849239,0
849250,0
849260,0
849270,0
849281,1
849291,0
849302,0
849312,0
849322,0
849333,0
849343,0
849354,1
849364,1
849374,0
849385,0
849395,0
849406,0
849416,1
849426,0
849437,0
849447,0
849458,0
849468,0
849478,0
849489,0
849499,1
849510,0
849520,0
849530,0
849541,0
849551,0
849562,0
849572,0
849582,0
849593,0
849603,0
849614,0
849624,0
849634,0
849645,0
849655,0
849665,1
849676,0
849686,0
849697,0
849707,0
849717,0
849728,0
849738,0
849749,0
849759,0
849769,0
849780,0
849790,0
849801,0
849811,0
849821,0
849832,1708
849845,3005
849859,3635
849872,3820
849886,3863
849899,4012
849913,4035
849926,4003
849940,4095
849953,4060
849967,4056
849980,4095
849994,4055
850007,4076
850021,4095
850034,4031
850048,4078
850062,4095
850075,4035
850088,4094
850102,4095
850115,4049
850129,4095
850143,4095
850156,4072
850169,4095
850183,4070
850197,4060
850210,4095
850223,4057
850237,4088
850251,4095
850264,4062
850278,4094
850291,4095
850304,4049
850318,4095
850332,4095
850345,4060
850359,4095
850372,4094
850386,4060
850399,4095
850413,4094
850426,4061
850440,4095
850453,4065
850467,4081
850480,4095
850494,4067
850507,4094
850521,4095
850534,4056
850548,4095
850561,4095
850575,4047
850588,4095
850602,4095
850615,4070
850629,4095
850642,4079
850656,4070
850669,4095
850683,4070
850697,4088
850710,4095
850723,4057
850737,4086
850750,4095
850764,4056
850778,4095
850791,4095
850804,4062
850818,4095
850832,4095
850845,4076
850859,4095
850872,4087
850886,4067
850899,4095
850913,4077
850926,4092
850940,4095
850953,4066
850967,4094
850980,4095
850994,4059
851007,4095
851021,4095
851034,4061
851048,4095
851061,4095
851075,4059
851088,4095
851102,4094
851115,4078
851129,4095
851142,4088
851156,4092
851169,4095
851183,4067
851197,4089
851210,4095
851223,4047
851237,4093
851250,4095
851264,4046
851278,4095
851291,4095
851304,4065
851318,4095
851332,4095
851345,4065
851359,4095
851372,4063
851386,4071
851399,4095
851413,4066
851426,4095
851440,4095
851453,4051
851467,4095
851480,4095
851494,4051
851507,4095
851521,4095
851534,4062
851548,4095
851561,4077
851575,4047
851588,4095
851602,4065
851615,4067
851629,4095
851642,4056
851656,4071
851669,4095
851683,4057
851697,4093
851710,4095
851723,4039
851737,4091
851750,4095
851764,4056
851778,4095
851791,4095
851804,4060
851818,4095
851832,4080
851845,4071
851859,4095
851872,4068
851886,4088
851899,4095
851913,4051
851926,4088
851940,4095
851953,4046
851967,4083
851980,4095
851994,4060
852007,4095
852021,4077
852034,4059
852048,4095
852061,4073
852075,4076
852088,4095
852102,4051
852115,4089
852129,4095
852142,4047
852156,4083
852169,4095
852183,4031
852196,4083
852210,4095
852223,4067
852237,4093
852250,4095
852264,4057
852278,4095
852291,4093
852304,4079
852318,4095
852332,4060
852345,4070
852359,4095
852372,4046
852385,4092
852399,4095
852413,4054
852426,4094
852439,4095
852453,4046
852467,4095
852480,4095
852494,4044
852507,4095
852521,4089
852534,4051
852548,4095
852561,4065
852575,4062
852588,4095
852602,4059
852615,4073
852629,4095
852642,4056
852656,4087
852669,4095
852683,4059
852696,4087
852710,4095
852723,4046
852737,4095
852750,4083
852764,4062
852778,4095
852791,4081
852804,4081
852818,4095
852832,4062
852845,4083
852858,4095
852872,4056
852885,4091
852899,4095
852913,4046
852926,4093
852939,4095
852953,4049
852967,4095
852980,4088
852994,4044
853007,4095
853021,4066
853034,4046
853048,4095
853061,4051
853075,4088
853088,4095
853102,4040
853115,4071
853129,4095
853142,4040
853156,4088
853169,4093
853183,4012
853196,4071
853210,4062
853223,4038
853237,4095
853250,4054
853264,4040
853278,4095
853291,4041
853304,4060
853318,4095
853332,4038
853345,4081
853358,4095
853372,4034
853385,4094
853399,4093
853413,4028
853426,4094
853439,4081
853453,4039
853467,4095
853480,4047
853494,4058
853507,4095
853521,4034
853534,4061
853548,4095
853561,4015
853575,4076
853588,4095
853602,4031
853615,4079
853629,4095
853642,4049
853656,4094
853669,4091
853683,4067
853696,4095
853710,4072
853723,4068
853737,4095
853750,4057
853764,4061
853777,4095
853791,4040
853804,4063
853818,4095
853831,4036
853845,4087
853858,4095
853872,4029
853885,4093
853899,4075
853913,4019
853926,4091
853939,4051
853953,4019
853967,4095
853980,4040
853994,4061
854007,4095
854020,4014
854034,4071
854048,4095
854061,4028
854075,4078
854088,4095
854102,4038
854115,4063
854129,4092
854142,4044
854156,4091
854169,4070
854183,4044
854196,4095
854210,4064
854223,4064
854237,4095
854250,4038
854264,4051
854277,4095
854291,4038
854304,4076
854318,4093
854331,4036
854345,4079
854358,4076
854372,4007
854385,4094
854399,4067
854413,4031
854426,4095
854439,4047
854453,4046
854467,4095
854480,4032
854494,4061
854507,4095
854520,4023
854534,4075
854548,4095
854561,4025
854575,4089
854588,4086
854602,4025
854615,4093
854629,4078
854642,4036
854656,4095
854669,4060
854683,4051
854696,4095
854710,4031
854723,4051
854737,4095
854750,4038
854764,4083
854777,4095
854791,4029
854804,4092
854818,4094
854831,4028
854845,4095
854858,4066
854872,4051
854885,4095
854899,4054
854913,4039
854926,4095
854939,4048
854953,4060
854967,4095
854980,4039
854994,4064
855007,4095
855020,4029
855034,4078
855048,4095
855061,4027
855074,4095
855088,4080
855102,4049
855115,4095
855129,4072
855142,4049
855156,4095
855169,4044
855183,4057
855196,4095
855210,4041
855223,4063
855237,4095
855250,4019
855264,4087
855277,4082
855291,4005
855304,4089
855318,4088
855331,4029
855345,4095
855358,4070
855372,4048
855385,4095
855399,4047
855413,4087
855426,4095
855439,4044
855453,4067
855466,4095
855480,4027
855494,4083
855507,4095
855520,4028
855534,4095
855548,4092
855561,4029
855574,4095
855588,4070
855602,4054
855615,4094
855629,4039
855642,4046
855655,4095
855669,4048
855683,4086
855696,4095
855710,4038
855723,4084
855737,4095
855750,4044
855764,4093
855777,4083
855791,4015
855804,4094
855818,4061
855831,4039
855845,4095
855858,4039
855872,4039
855885,4095
855899,4023
855913,4059
855926,4095
855939,4016
855953,4065
855966,4089
855980,4017
855993,4076
856007,4067
856020,4009
856034,4086
856048,4051
856061,4015
856074,4095
856088,4045
856102,4038
856115,4095
856129,4044
856142,4055
856155,4095
856169,4027
856183,4063
856196,4095
856210,4027
856223,4081
856237,4080
856250,4023
856264,4094
856277,4060
856291,4039
856304,4095
856318,4051
856331,4031
856345,4095
856358,4023
856372,4056
856385,4095
856399,4020
856412,4071
856426,4095
856439,4017
856453,4080
856466,4089
856480,4024
856493,4089
856507,4059
856520,4036
856534,4095
856548,4044
856561,4054
856574,4095
856588,4031
856602,4064
856615,4095
856629,4024
856642,4070
856655,4095
856669,4019
856683,4071
856696,4089
856710,4012
856723,4093
856737,4061
856750,4024
856764,4095
856777,4046
856791,4044
856804,4095
856818,4036
856831,4054
856845,4095
856858,4014
856872,4057
856885,4095
856899,4019
856912,4046
856926,4095
856939,4032
856953,4073
856966,4078
856980,4036
856993,4095
857007,4068
857020,4038
857034,4095
857048,4039
857061,4060
857074,4095
857088,4025
857101,4071
857115,4094
857129,4024
857142,4076
857155,4091
857169,4012
857183,4089
857196,4078
857210,4044
857223,4095
857237,4054
857250,4040
857264,4095
857277,4041
857291,4051
857304,4095
857318,4015
857331,4083
857345,4095
857358,4019
857372,4083
857385,4095
857399,4025
857412,4095
857426,4071
857439,4044
857453,4095
857466,4081
857480,4044
857493,4095
857507,4059
857520,4059
857534,4095
857548,4046
857561,4067
857574,4095
857588,4029
857601,4067
857615,4094
857629,4027
857642,4083
857655,4076
857669,4044
857683,4095
857696,4054
857710,4026
857723,4095
857737,4057
857750,4066
857764,4095
857777,4044
857790,4071
857804,4095
857818,4049
857831,4088
857845,4095
857858,4032
857872,4095
857885,4091
857899,4023
857912,4095
857926,4080
857939,4035
857953,4093
857966,4057
857980,4049
857993,4095
858007,4028
858020,4071
858034,4095
858048,4036
858061,4080
858074,4095
858088,4032
858101,4088
858115,4083
858129,4032
858142,4091
858155,4081
858169,4054
858183,4093
858196,4050
858209,4059
858223,4095
858237,4033
858250,4066
858264,4095
858277,4040
858290,4061
858304,4095
858318,4031
858331,4063
858345,4087
858358,4034
858372,4087
858385,4057
858399,4019
858412,4083
858426,4038
858439,4036
858453,4091
858466,4019
858480,4039
858493,4095
858507,4019
858520,4059
858534,4095
858547,4027
858561,4067
858574,4087
858588,4032
858601,4094
858615,4063
858629,4050
858642,4095
858655,4050
858669,4047
858683,4095
858696,4040
858709,4057
858723,4095
858736,4029
858750,4076
858764,4095
858777,4025
858790,4089
858804,4095
858818,4006
858831,4083
858845,4089
858858,4041
858872,4095
858885,4067
858899,4044
858912,4095
858926,4057
858939,4045
858953,4095
858966,4036
858980,4061
858993,4095
859007,4023
859020,4077
859034,4095
859047,4019
859061,4089
859074,4078
859088,4036
859101,4089
859115,4045
859128,4023
859142,4095
859155,4025
859169,4048
859183,4095
859196,4028
859209,4061
859223,4095
859236,4038
859250,4071
859264,4095
859277,4028
859290,4078
859304,4095
859318,4036
859331,4083
859345,4063
859358,4046
859372,4094
859385,4049
859399,4049
859412,4095
859426,4035
859439,4064
859453,4095
859466,4038
859480,4061
859493,4095
859507,4036
859520,4071
859534,4083
859547,4025
859561,4089
859574,4067
859588,4051
859601,4095
859615,4039
859628,4056
859642,4095
859655,4034
859669,4064
859683,4095
859696,4025
859709,4076
859723,4095
859736,4028
859750,4083
859764,4095
859777,4032
859790,4079
859804,4063
859818,4040
859831,4093
859845,4047
859858,4048
859872,4095
859885,4046
859899,4056
859912,4095
859926,4027
859939,4067
859953,4095
859966,4012
859980,4083
859993,4092
860007,4019
860020,4091
860034,4076
860047,4039
860061,4095
860074,4057
860088,4039
860101,4095
860115,4048
860128,4050
860142,4095
860155,4038
860169,4067
860182,4095
860196,4032
860209,4076
860223,4095
860236,4033
860250,4081
860264,4087
860277,4044
860290,4095
860304,4071
860318,4031
860331,4095
860345,4051
860358,4062
860371,4095
860385,4022
860399,4070
860412,4095
860425,4024
860439,4067
860453,4095
860466,4029
860480,4083
860493,4082
860507,4034
860520,4095
860534,4065
860547,4051
860561,4095
860574,4051
860588,4066
860601,4095
860615,4035
860628,4065
860642,4095
860655,4019
860669,4061
860682,4095
860696,4023
860709,4083
860723,4091
860736,4023
860750,4091
860764,4073
860777,4040
860790,4095
860804,4059
860818,4049
860831,4095
860845,4048
860858,4055
860871,4095
860885,4028
860899,4067
860912,4095
860925,4015
860939,4083
860953,4088
860966,4028
860980,4089
860993,4067
861007,4044
861020,4095
861034,4057
861047,4051
861061,4095
861074,4035
861088,4067
861101,4095
861115,4029
861128,4067
861142,4095
861155,4018
861169,4078
861182,4095
861196,4017
861209,4089
861223,4083
861236,4023
861250,4095
861264,4063
861277,4027
861290,4095
861304,4044
861318,4044
861331,4095
861344,4034
861358,4061
861371,4095
861385,4022
861399,4067
861412,4092
861425,4022
861439,4080
861453,4061
861466,4023
861480,4088
861493,4060
861507,4027
861520,4093
861534,4038
861547,4049
861561,4094
861574,4028
861588,4057
861601,4095
861615,4019
861628,4076
861642,4093
861655,4012
861669,4089
861682,4093
861696,4024
861709,4095
861723,4071
861736,4036
861750,4094
861763,4038
861777,4057
861790,4095
861804,4027
861817,4067
861831,4095
861844,4015
861858,4062
861871,4095
861885,4040
861899,4084
861912,4093
861925,4055
861939,4087
861953,4070
861966,4047
861980,4095
861993,4031
862006,4049
862020,4095
862034,4044
862047,4068
862061,4095
862074,4040
862088,4071
862101,4095
862115,4029
862128,4094
862142,4093
862155,4032
862169,4095
862182,4081
862196,4025
862209,4092
862223,4046
862236,4051
862250,4095
862263,4036
862277,4046
862290,4095
862304,4022
862317,4067
862331,4095
862344,4025
862358,4078
862371,4093
862385,4027
862399,4078
862412,4060
862425,4023
862439,4086
862453,4036
862466,4019
862480,4087
862493,4025
862506,4051
862520,4095
862534,4019
862547,4068
862561,4093
862574,4003
862588,4070
862601,4093
862615,4023
862628,4083
862642,4088
862655,4029
862669,4095
862682,4051
862696,4027
862709,4095
862723,4048
862736,4049
862750,4095
862763,4017
862777,4059
862790,4095
862804,4019
862817,4080
862831,4094
862844,4014
862858,4071
862871,4082
862885,4027
862899,4091
862912,4054
862925,4038
862939,4095
862953,4038
862966,4049
862980,4095
862993,4029
863006,4068
863020,4095
863034,4025
863047,4073
863061,4095
863074,4024
863088,4087
863101,4083
863115,4032
863128,4087
863142,4065
863155,4035
863169,4091
863182,4040
863196,4054
863209,4095
863223,4014
863236,4046
863250,4094
863263,4017
863277,4067
863290,4094
863304,4014
863317,4081
863331,4086
863344,4027
863358,4086
863371,4067
863385,4044
863399,4094
863412,4056
863425,4056
863439,4095
863452,4035
863466,4062
863480,4095
863493,4034
863506,4062
863520,4095
863534,4014
863547,4070
863560,4092
863574,4022
863588,4082
863601,4068
863615,4019
863628,4093
863641,4048
863655,4038
863669,4095
863682,4028
863696,4047
863709,4095
863723,4014
863736,4086
863750,4095
863763,4009
863777,4062
863790,4095
863804,4035
863817,4078
863831,4088
863844,4051
863858,4086
863871,4049
863885,4060
863899,4095
863912,4035
863925,4060
863939,4095
863952,4038
863966,4081
863980,4095
863993,4025
864006,4071
864020,4083
864034,4036
864047,4078
864060,4076
864074,4027
864088,4093
864101,4054
864115,4027
864128,4095
864141,4027
864155,4029
864169,4095
864182,4014
864196,4051
864209,4095
864223,4012
864236,4051
864250,4093
864263,4031
864277,4070
864290,4070
864304,4019
864317,4083
864331,4056
864344,4036
864358,4091
864371,4041
864385,4046
864398,4095
864412,4023
864425,4046
864439,4095
864452,4023
864466,4066
864479,4091
864493,4029
864506,4077
864520,4078
864534,4032
864547,4082
864560,4054
864574,4032
864588,4095
864601,4027
864615,4046
864628,4095
864641,4027
864655,4039
864669,4095
864682,4014
864696,4055
864709,4095
864723,4017
864736,4081
864750,4093
864763,4024
864777,4083
864790,4070
864804,4032
864817,4091
864831,4045
864844,4041
864858,4093
864871,4032
864885,4046
864898,4095
864912,4025
864925,4039
864939,4094
864952,4003
864966,4076
864979,4089
864993,4023
865006,4087
865020,4060
865034,4019
865047,4094
865060,4043
865074,4025
865087,4095
865101,4038
865115,4038
865128,4095
865141,4017
865155,4047
865169,4093
865182,4009
865196,4061
865209,4089
865223,3996
865236,4088
865250,4066
865263,4012
865277,4079
865290,4064
865304,4028
865317,4076
865331,4025
865344,4039
865358,4093
865371,4007
865385,4051
865398,4093
865412,4007
865425,4046
865439,4078
865452,3996
865466,4067
865479,4057
865493,4019
865506,4095
865520,4065
865534,4025
865547,4094
865560,4036
865574,4040
865587,4095
865601,4014
865615,4047
865628,4095
865641,4012
865655,4080
865669,4094
865682,4017
865696,4083
865709,4094
865723,4025
865736,4083
865750,4073
865763,4044
865777,4095
865790,4051
865804,4057
865817,4095
865831,4049
865844,4038
865858,4095
865871,4023
865885,4051
865898,4087
865912,4015
865925,4081
865939,4078
865952,4025
865966,4083
865979,4062
865993,4040
866006,4089
866020,4029
866033,4031
866047,4095
866060,4051
866074,4049
866087,4095
866101,4029
866115,4056
866128,4095
866141,4019
866155,4076
866169,4092
866182,4022
866196,4083
866209,4070
866223,4027
866236,4095
866250,4049
866263,4041
866276,4091
866290,4029
866304,4040
866317,4095
866331,4009
866344,4031
866358,4093
866371,3997
866385,4055
866398,4078
866412,4019
866425,4076
866439,4066
866452,4014
866466,4087
866479,4039
866493,4015
866506,4091
866520,4038
866533,4044
866547,4093
866560,4024
866574,4057
866587,4095
866601,4022
866615,4060
866628,4094
866641,4012
866655,4067
866669,4061
866682,4003
866695,4060
866709,4027
866722,3996
866736,4072
866750,4014
866763,4024
866776,4092
866790,3998
866804,4038
866817,4089
866831,3996
866844,4056
866858,4092
866871,4009
866885,4062
866898,4067
866912,4006
866925,4081
866939,4044
866952,4012
866966,4079
866979,4013
866993,4027
867006,4089
867020,4017
867033,4027
867047,4091
867060,3992
867074,4035
867087,4095
867101,4006
867115,4048
867128,4094
867141,4016
867155,4077
867169,4064
867182,4028
867195,4092
867209,4048
867222,4040
867236,4095
867250,4015
867263,4038
867276,4095
867290,4025
867304,4049
867317,4094
867331,3999
867344,4076
867358,4081
867371,4007
867385,4076
867398,4066
867412,4014
867425,4087
867439,4046
867452,4023
867466,4081
867479,4015
867493,4029
867506,4095
867520,4024
867533,4051
867547,4095
867560,4003
867574,4071
867587,4091
867601,4007
867614,4078
867628,4073
867641,4007
867655,4079
867668,4051
867682,4032
867695,4089
867709,4036
867722,4027
867736,4095
867750,4007
867763,4038
867776,4095
867790,4022
867804,4067
867817,4094
867831,4019
867844,4081
867858,4083
867871,4025
867885,4092
867898,4076
867912,4036
867925,4093
867939,4036
867952,4027
867966,4093
867979,4023
867993,4038
868006,4095
868020,4012
868033,4066
868047,4091
868060,3995
868074,4070
868087,4088
868101,4024
868114,4086
868128,4049
868141,4017
868155,4081
868168,4023
868182,4017
868195,4092
868209,4007
868222,4040
868236,4095
868250,4007
868263,4060
868276,4095
868290,4006
868304,4046
868317,4078
868331,4015
868344,4046
868357,4057
868371,4023
868385,4073
868398,4036
868412,4019
868425,4087
868439,4027
868452,4029
868466,4095
868479,4009
868493,4057
868506,4087
868520,3996
868533,4059
868547,4093
868560,3997
868574,4061
868587,4067
868601,4016
868614,4071
868628,4046
868641,4015
868655,4091
868668,4019
868682,4025
868695,4095
868709,4014
868722,4038
868736,4095
868750,4012
868763,4060
868776,4081
868790,4008
868804,4067
868817,4061
868831,3999
868844,4073
868857,4038
868871,4023
868885,4087
868898,4027
868911,4027
868925,4093
868939,4015
868952,4051
868966,4094
868979,4014
868993,4067
869006,4095
869020,4014
869033,4071
869047,4083
869060,4014
869074,4078
869087,4062
869101,4025
869114,4095
869128,4039
869141,4024
869155,4094
869168,4025
869182,4045
869195,4093
869209,4014
869222,4068
869236,4093
869250,3997
869263,4080
869276,4076
869290,4013
869303,4071
869317,4052
869331,4017
869344,4087
869357,4038
869371,4038
869385,4087
869398,4012
869411,4046
869425,4095
869439,4016
869452,4047
869466,4095
869479,4009
869493,4062
869506,4091
869520,4018
869533,4076
869547,4067
869560,4023
869574,4094
869587,4046
869601,4033
869614,4091
869628,4029
869641,4031
869655,4095
869668,4025
869682,4041
869695,4089
869709,4015
869722,4046
869736,4071
869750,4016
869763,4071
869776,4067
869790,4024
869803,4078
869817,4029
869830,4035
869844,4086
869857,4014
869871,4039
869885,4095
869898,4007
869911,4046
869925,4095
869939,4018
869952,4059
869966,4095
869979,4014
869992,4080
870006,4083
870020,4028
870033,4071
870047,4054
870060,4032
870074,4093
870087,4036
870101,4028
870114,4095
870128,4017
870141,4049
870155,4095
870168,4017
870182,4062
870195,4089
870209,4006
870222,4070
870236,4071
870249,3999
870263,4076
870276,4041
870290,4024
870303,4088
870317,4015
870330,4019
870344,4094
870357,4017
870371,4051
870385,4091
870398,4019
870411,4061
870425,4091
870439,4009
870452,4071
870466,4071
870479,4012
870492,4078
870506,4047
870520,4028
870533,4092
870547,4032
870560,4051
870574,4095
870587,4028
870601,4060
870614,4095
870628,4032
870641,4067
870655,4094
870668,4019
870682,4078
870695,4092
870709,4030
870722,4094
870736,4061
870749,4049
870763,4089
870776,4023
870790,4049
870803,4095
870817,4015
870830,4035
870844,4095
870857,3997
870871,4051
870885,4093
870898,3998
870911,4056
870925,4083
870938,4017
870952,4092
870966,4078
870979,4019
870992,4078
871006,4038
871020,4035
871033,4093
871047,4032
871060,4044
871074,4095
871087,4016
871101,4046
871114,4094
871128,3999
871141,4046
871155,4079
871168,4003
871182,4067
871195,4061
871209,4025
871222,4092
871236,4051
871249,4027
871263,4091
871276,4036
871290,4046
871303,4095
871317,4022
871330,4067
871344,4095
871357,4017
871371,4067
871385,4093
871398,4007
871411,4080
871425,4070
871438,4012
871452,4078
871466,4051
871479,4023
871492,4093
871506,4036
871520,4051
871533,4095
871547,4018
871560,4055
871574,4095
871587,3997
871601,4068
871614,4071
871627,4003
871641,4073
871655,4062
871668,4012
871682,4083
871695,4044
871709,4036
871722,4095
871736,4040
871749,4049
871763,4095
871776,4025
871790,4056
871803,4091
871817,4003
871830,4060
871844,4095
871857,4014
871871,4066
871885,4076
871898,4003
871911,4080
871925,4044
871938,4013
871952,4083
871966,4019
871979,3999
871992,4086
872006,4007
872020,4027
872033,4087
872046,3993
872060,4050
872074,4079
872087,4004
872101,4076
872114,4061
872127,4003
872141,4087
872155,4062
872168,4018
872182,4078
872195,4038
872209,4025
872222,4087
872236,4015
872249,4039
872263,4090
872276,3997
872290,4049
872303,4092
872317,3990
872330,4067
872344,4083
872357,4009
872371,4081
872384,4046
872398,4012
872411,4071
872425,4031
872438,4029
872452,4083
872466,4003
872479,4046
872492,4091
872506,3997
872520,4045
872533,4092
872546,4007
872560,4051
872573,4084
872587,3998
872601,4054
872614,4054
872627,4015
872641,4081
872655,4046
872668,4040
872682,4089
872695,4023
872709,4048
872722,4091
872736,4017
872749,4061
872763,4095
872776,4004
872790,4070
872803,4095
872817,4017
872830,4070
872844,4062
872857,4011
872871,4078
872884,4056
872898,4040
872911,4083
872925,4006
872938,4040
872952,4095
872965,3997
872979,4066
872992,4091
873006,4001
873020,4060
873033,4092
873046,4017
873060,4062
873073,4063
873087,4024
873101,4086
873114,4051
873127,4014
873141,4092
873155,4025
873168,4041
873182,4089
873195,4014
873209,4049
873222,4095
873236,4017
873249,4067
873263,4095
873276,4016
873290,4081
873303,4078
873317,4019
873330,4079
873344,4056
873357,4019
873371,4089
873384,4027
873398,4045
873411,4095
873425,4019
873438,4051
873452,4095
873465,4016
873479,4073
873492,4091
873506,4006
873520,4076
873533,4080
873546,4013
873560,4087
873573,4066
873587,4019
873601,4095
873614,4041
873627,4029
873641,4095
873655,4032
873668,4031
873682,4095
873695,4007
873709,4039
873722,4095
873736,4017
873749,4066
873763,4088
873776,4019
873790,4065
873803,4081
873817,4029
873830,4088
873844,4035
873857,4023
873871,4095
873884,4019
873898,4040
873911,4095
873925,4018
873938,4049
873952,4091
873965,4009
873979,4046
873992,4086
874006,4013
874019,4086
874033,4059
874046,4018
874060,4088
874073,4044
874087,4032
874101,4095
874114,4034
874127,4031
874141,4095
874155,4027
874168,4060
874182,4095
874195,4025
874208,4073
874222,4092
874236,4016
874249,4083
874262,4070
874276,4014
874290,4083
874303,4028
874317,4007
874330,4066
874344,3996
874357,3997
874371,4081
874384,3990
874398,4032
874411,4087
874425,4003
874438,4046
874452,4080
874465,4003
874479,4047
874492,4060
874506,4008
874519,4077
874533,4049
874546,4017
874560,4094
874573,4036
874587,4025
874601,4094
874614,4016
874627,4031
874641,4091
874655,4001
874668,4047
874682,4089
874695,4006
874708,4078
874722,4076
874736,4014
874749,4076
874762,4046
874776,4032
874790,4083
874803,4025
874817,4029
874830,4084
874844,4016
874857,4046
874871,4095
874884,3998
874898,4051
874911,4083
874925,4016
874938,4061
874952,4072
874965,4012
874979,4078
874992,4055
875006,4025
875019,4078
875033,4028
875046,4040
875060,4091
875073,4014
875087,4056
875101,4093
875114,4004
875127,4057
875141,4095
875155,3997
875168,4059
875181,4081
875195,3997
875208,4062
875222,4054
875236,4006
875249,4081
875262,4051
875276,4036
875290,4089
875303,4028
875317,4058
875330,4095
875344,4014
875357,4049
875371,4095
875384,4019
875398,4051
875411,4091
875425,4016
875438,4061
875452,4076
875465,4025
875479,4080
875492,4049
875506,4032
875519,4089
875533,4036
875546,4029
875560,4094
875573,4013
875587,4044
875600,4095
875614,4016
875627,4051
875641,4087
875654,3999
875668,4076
875681,4061
875695,4016
875708,4086
875722,4046
875736,4025
875749,4091
875762,4029
875776,4038
875790,4095
875803,4014
875817,4035
875830,4095
875843,4003
875857,4047
875871,4089
875884,4003
875898,4046
875911,4059
875925,4014
875938,4078
875952,4051
875965,4019
875979,4083
875992,4036
876006,4032
876019,4089
876033,4007
876046,4044
876060,4095
876073,4014
876087,4057
876100,4094
876114,4009
876127,4057
876141,4067
876154,3998
876168,4081
876181,4046
876195,4012
876208,4088
876222,4029
876236,4019
876249,4094
876262,4019
876276,4035
876290,4095
876303,3999
876317,4051
876330,4094
876343,4003
876357,4060
876371,4087
876384,4003
876398,4081
876411,4067
876425,4019
876438,4083
876452,4049
876465,4023
876479,4093
876492,4036
876506,4031
876519,4095
876533,4019
876546,4049
876560,4094
876573,4003
876587,4046
876600,4076
876614,4014
876627,4060
876641,4057
876654,4019
876668,4078
876681,4031
876695,4014
876708,4089
876722,4015
876736,4025
876749,4089
876762,3997
876776,4041
876790,4092
876803,3997
876817,4054
876830,4092
876843,4017
876857,4046
876871,4069
876884,4007
876898,4061
876911,4057
876925,4024
876938,4088
876952,4015
876965,4025
876979,4092
876992,4009
877006,4027
877019,4088
877033,4003
877046,4054
877060,4088
877073,4019
877087,4066
877100,4067
877114,4007
877127,4078
877141,4056
877154,4019
877168,4095
877181,4029
877195,4028
877208,4093
877222,4007
877236,4041
877249,4095
877262,4012
877276,4046
877289,4095
877303,4007
877317,4047
877330,4079
877343,4025
877357,4061
877371,4068
877384,4025
877397,4093
877411,4049
877425,4038
877438,4095
877452,4013
877465,4035
877478,4095
877492,4008
877506,4049
877519,4087
877533,3998
877546,4059
877560,4070
877573,4004
877587,4065
877600,4046
877614,4012
877627,4070
877641,4027
877654,4028
877668,4086
877681,4025
877695,4035
877708,4095
877722,3997
877736,4038
877749,4091
877762,4001
877776,4057
877789,4088
877803,3997
877817,4057
877830,4076
877843,4017
877857,4086
877871,4047
877884,4033
877897,4078
877911,4032
877925,4048
877938,4095
877952,4003
877965,4027
877978,4093
877992,4003
878006,4046
878019,4081
878033,4003
878046,4057
878060,4035
878073,4006
878087,4061
878100,4036
878114,4002
878127,4081
878141,4017
878154,4016
878168,4093
878181,4022
878195,4025
878208,4089
878222,4009
878235,4030
878249,4093
878262,4014
878276,4046
878289,4071
878303,4003
878316,4067
878330,4047
878343,4023
878357,4081
878371,4048
878384,4036
878397,4091
878411,4016
878425,4032
878438,4087
878452,3997
878465,4024
878478,4063
878492,3985
878506,4040
878519,4056
878533,4003
878546,4055
878560,4039
878573,3999
878587,4080
878600,4027
878614,4017
878627,4088
878641,4014
878654,4025
878668,4094
878681,4001
878695,4040
878708,4087
878722,3991
878735,4046
878749,4071
878762,4002
878776,4070
878789,4061
878803,4016
878816,4063
878830,4040
878843,4032
878857,4089
878871,4017
878884,4038
878897,4095
878911,4019
878924,4056
878938,4091
878952,4006
878965,4048
878978,4089
878992,4004
879006,4063
879019,4068
879033,4012
879046,4062
879060,4046
879073,4025
879087,4079
879100,4015
879114,4040
879127,4087
879141,4003
879154,4049
879168,4093
879181,4003
879195,4056
879208,4086
879222,3999
879235,4048
879249,4059
879262,3993
879276,4064
879289,4035
879303,4004
879316,4067
879330,4019
879343,4029
879357,4089
879371,4003
879384,4040
879397,4095
879411,4014
879424,4046
879438,4093
879452,4024
879465,4067
879478,4078
879492,4017
879506,4088
879519,4061
879533,4019
879546,4092
879560,4045
879573,4014
879587,4087
879600,4028
879614,4032
879627,4095
879641,4017
879654,4048
879668,4089
879681,3999
879695,4054
879708,4071
879722,3995
879735,4067
879749,4048
879762,4017
879776,4081
879789,4034
879803,4012
879816,4095
879830,4032
879843,4032
879857,4086
879870,3997
879884,4054
879897,4083
879911,3997
879924,4056
879938,4081
879952,3997
879965,4060
879978,4047
879992,4015
880006,4070
880019,4023
880033,4006
880046,4088
880060,3999
880073,4032
880087,4095
880100,4019
880113,4036
880127,4094
880141,4006
880154,4038
880168,4092
880181,3990
880195,4060
880208,4067
880222,4016
880235,4067
880249,4056
880262,4025
880276,4083
880289,4033
880303,4032
880316,4093
880330,4003
880343,4036
880357,4095
880370,4016
880384,4039
880397,4092
880411,4012
880424,4060
880438,4062
880452,3998
880465,4091
880478,4057
880492,4019
880506,4087
880519,4028
880532,4038
880546,4095
880559,4013
880573,4046
880587,4095
880600,4001
880613,4047
880627,4089
880641,3995
880654,4070
880668,4081
880681,4024
880695,4062
880708,4044
880722,4012
880735,4076
880749,4019
880762,4019
880776,4094
880789,4023
880803,4014
880816,4095
880830,3999
880843,4036
880857,4086
880870,3996
880884,4050
880897,4066
880911,3998
880924,4060
880938,4039
880952,4006
880965,4080
880978,4032
880992,4017
881006,4091
881019,4014
881032,4025
881046,4095
881059,4003
881073,4039
881087,4093
881100,4007
881113,4051
881127,4088
881141,4019
881154,4057
881168,4061
881181,4003
881195,4078
881208,4039
881222,4007
881235,4084
881249,4040
881262,4027
881276,4092
881289,3998
881303,4049
881316,4094
881330,4003
881343,4044
881357,4078
881370,4006
881384,4067
881397,4057
881411,4006
881424,4079
881438,4045
881451,4007
881465,4076
881478,4017
881492,4025
881505,4083
881519,3997
881532,4046
881546,4092
881559,4000
881573,4051
881587,4087
881600,4017
881613,4057
881627,4067
881641,4007
881654,4073
881668,4056
881681,4017
881695,4088
881708,4027
881722,4032
881735,4092
881749,4012
881762,4035
881776,4089
881789,4000
881803,4044
881816,4089
881830,4000
881843,4047
881857,4046
881870,3993
881884,4047
881897,4044
881911,4007
881924,4078
881938,4019
881951,4019
881965,4076
881978,4017
881992,4038
882005,4079
882019,4000
882032,4039
882046,4095
882059,4006
882073,4045
882087,4087
882100,4006
882113,4062
882127,4060
882141,4007
882154,4071
882168,4049
882181,4017
882194,4091
882208,4025
882222,4031
882235,4093
882249,3996
882262,4027
882276,4087
882289,3997
882303,4054
882316,4088
882330,4006
882343,4065
882357,4057
882370,4022
882384,4071
882397,4046
882411,4014
882424,4063
882438,4017
882451,4027
882465,4083
882478,3987
882492,4041
882505,4091
882519,4003
882532,4044
882546,4081
882559,3996
882573,4051
882587,4061
882600,4006
882613,4070
882627,4039
882641,4003
882654,4082
882668,4026
882681,4028
882694,4094
882708,4013
882722,4035
882735,4094
882748,3997
882762,4039
882776,4083
882789,3998
882803,4067
882816,4081
882830,4007
882843,4073
882857,4039
882870,4019
882884,4076
882897,4035
882911,4032
882924,4083
882938,4003
882951,4032
882965,4095
882978,4003
882992,4038
883005,4091
883019,3996
883032,4046
883046,4089
883059,4007
883073,4071
883087,4059
883100,4015
883113,4081
883127,4025
883140,4022
883154,4095
883168,4014
883181,4025
883194,4095
883208,4032
883222,4035
883235,4094
883248,4003
883262,4060
883276,4073
883289,4016
883303,4070
883316,4064
883330,4016
883343,4072
883357,4039
883370,4019
883384,4083
883397,4019
883411,4035
883424,4091
883438,4006
883451,4039
883465,4094
883478,3999
883492,4046
883505,4083
883519,4017
883532,4060
883546,4061
883559,3999
883573,4076
883587,4031
883600,4007
883613,4095
883627,4032
883640,4025
883654,4091
883667,4002
883681,4035
883694,4088
883708,3993
883722,4044
883735,4067
883748,4001
883762,4057
883776,4051
883789,4006
883803,4062
883816,4045
883829,4017
883843,4083
883857,4024
883870,4024
883884,4093
883897,4017
883911,4040
883924,4089
883938,4003
883951,4039
883965,4092
883978,3999
883992,4054
884005,4060
884019,3993
884032,4062
884046,4044
884059,3995
884073,4070
884086,4012
884100,4003
884113,4086
884127,3990
884140,4023
884154,4088
884167,3987
884181,4035
884194,4084
884208,4003
884222,4051
884235,4068
884248,4001
884262,4051
884276,4044
884289,4014
884303,4062
884316,4019
884329,4023
884343,4081
884357,4004
884370,4025
884384,4094
884397,3997
884411,4027
884424,4083
884438,3998
884451,4056
884465,4061
884478,3991
884492,4060
884505,4057
884519,4007
884532,4076
884546,4014
884559,4017
884573,4087
884586,4012
884600,4015
884613,4093
884627,3998
884640,4032
884654,4091
884667,3996
884681,4031
884694,4071
884708,4001
884722,4047
884735,4048
884748,4007
884762,4071
884775,4032
884789,4004
884803,4087
884816,4015
884829,4017
884843,4093
884857,3997
884870,4040
884884,4095
884897,4008
884911,4050
884924,4082
884938,4000
884951,4051
884965,4071
884978,4012
884992,4062
885005,4038
885019,4028
885032,4068
885046,4012
885059,4032
885073,4089
885086,4001
885100,4034
885113,4091
885127,4006
885140,4038
885154,4080
885167,4003
885181,4051
885194,4060
885208,4012
885222,4061
885235,4044
885248,4016
885262,4078
885275,4036
885289,4014
885303,4093
885316,4016
885329,4036
885343,4093
885357,4006
885370,4050
885384,4089
885397,4000
885411,4047
885424,4047
885438,4002
885451,4067
885464,4040
885478,3997
885492,4081
885505,4014
885519,4009
885532,4087
885546,4003
885559,4022
885573,4095
885586,4008
885600,4038
885613,4094
885627,3997
885640,4045
885654,4071
885667,4007
885681,4062
885694,4039
885708,3997
885722,4070
885735,4025
885748,4019
885762,4094
885775,4025
885789,4027
885803,4094
885816,3999
885829,4029
885843,4089
885857,4000
885870,4046
885883,4076
885897,3997
885911,4055
885924,4027
885938,4016
885951,4067
885964,4014
885978,4019
885992,4079
886005,4006
886019,4014
886032,4089
886046,3986
886059,4014
886073,4080
886086,3980
886100,4024
886113,4060
886127,3980
886140,4044
886154,4056
886167,4003
886181,4071
886194,4027
886208,4017
886221,4081
886235,4019
886248,4023
886262,4086
886275,4016
886289,4029
886303,4079
886316,3996
886329,4046
886343,4066
886357,3995
886370,4051
886383,4056
886397,4008
886410,4070
886424,4028
886438,4012
886451,4086
886464,4014
886478,4018
886492,4086
886505,3998
886519,4027
886532,4093
886546,4000
886559,4039
886573,4083
886586,4003
886600,4065
886613,4061
886627,4003
886640,4057
886654,4036
886667,4017
886681,4072
886694,4007
886708,4028
886721,4081
886735,3999
886748,4040
886762,4086
886775,3996
886789,4039
886802,4078
886816,3997
886829,4047
886843,4070
886857,3990
886870,4062
886883,4049
886897,4002
886910,4084
886924,4025
886938,4015
886951,4076
886964,3993
886978,4028
886992,4094
887005,3987
887019,4036
887032,4079
887046,3985
887059,4046
887073,4063
887086,3987
887100,4055
887113,4064
887127,4007
887140,4060
887154,4025
887167,4012
887181,4071
887194,4012
887208,4014
887221,4091
887235,3999
887248,4038
887262,4089
887275,3986
887289,4048
887302,4060
887316,3985
887329,4040
887343,4036
887357,3998
887370,4066
887383,4015
887397,4012
887410,4071
887424,4006
887438,4023
887451,4086
887464,4006
887478,4038
887492,4091
887505,4002
887519,4055
887532,4080
887546,3983
887559,4051
887573,4066
887586,3997
887600,4071
887613,4039
887627,4011
887640,4078
887654,4022
887667,4036
887681,4089
887694,4006
887708,4039
887721,4078
887735,3985
887748,4046
887762,4070
887775,3982
887789,4054
887802,4048
887816,4004
887829,4076
887843,4014
887856,3991
887870,4078
887883,4012
887897,4009
887910,4094
887924,4004
887938,4025
887951,4091
887964,4001
887978,4046
887992,4081
888005,3975
888019,4065
888032,4060
888045,3998
888059,4066
888073,4040
888086,4003
888099,4083
888113,4007
888127,4020
888140,4083
888154,4003
888167,4022
888181,4088
888194,4000
888208,4038
888221,4076
888235,3983
888248,4057
888262,4056
888275,3987
888289,4080
888302,4038
888316,3981
888329,4077
888343,4032
888356,4007
888370,4087
888383,3998
888397,4022
888410,4094
888424,4001
888438,4035
888451,4078
888464,3995
888478,4039
888492,4060
888505,3993
888519,4055
888532,4044
888545,4003
888559,4073
888573,4014
888586,4007
888599,4089
888613,4016
888627,4014
888640,4092
888654,3996
888667,4032
888681,4059
888694,3977
888708,4045
888721,4064
888735,3985
888748,4046
888762,4041
888775,3991
888789,4047
888802,4016
888816,4007
888829,4076
888843,3993
888856,4014
888870,4078
888883,3987
888897,4019
888910,4083
888924,3983
888938,4033
888951,4063
888964,3995
888978,4048
888992,4029
889005,3996
889018,4076
889032,4023
889045,4003
889059,4086
889073,4016
889086,4015
889099,4094
889113,4003
889127,4048
889140,4079
889154,3997
889167,4038
889181,4070
889194,3996
889208,4049
889221,4048
889235,3992
889248,4068
889262,4025
889275,4003
889289,4063
889302,4009
889316,4003
889329,4077
889343,4001
889356,4017
889370,4091
889383,4004
889397,4028
889410,4067
889424,4004
889437,4061
889451,4049
889464,3993
889478,4070
889491,4038
889505,4012
889518,4083
889532,4012
889545,4012
889559,4078
889573,3995
889586,4016
889599,4063
889613,3982
889627,4033
889640,4059
889654,3981
889667,4051
889680,4044
889694,3975
889708,4072
889721,4022
889735,4003
889748,4067
889762,4003
889775,3997
889789,4089
889802,4004
889816,4024
889829,4077
889843,3977
889856,4019
889870,4067
889883,3985
889897,4048
889910,4051
889924,3983
889937,4057
889951,4040
889964,3997
889978,4082
889991,4014
890005,4017
890018,4083
890032,4000
890045,4028
890059,4089
890073,3982
890086,4035
890099,4081
890113,3992
890127,4049
890140,4038
890154,3996
890167,4066
890180,4027
890194,4009
890208,4057
890221,4003
890235,4013
890248,4067
890262,3993
890275,4019
890289,4094
890302,3987
890316,4019
890329,4073
890343,3995
890356,4038
890370,4057
890383,3982
890397,4049
890410,4040
890424,3997
890437,4064
890451,4003
890464,3995
890478,4076
890491,4012
890505,4017
890518,4081
890532,3993
890545,4019
890559,4071
890573,3987
890586,4046
890599,4044
890613,3980
890627,4055
890640,4048
890654,3996
890667,4067
890680,4024
890694,4003
890708,4070
890721,3997
890735,4007
890748,4089
890762,3982
890775,4025
890789,4080
890802,3985
890816,4029
890829,4057
890843,3996
890856,4038
890870,4029
890883,4003
890897,4057
890910,4017
890924,4006
890937,4082
890951,4003
890964,4014
890978,4091
890991,3996
891005,4015
891018,4078
891032,3998
891045,4048
891059,4070
891073,3982
891086,4065
891099,4051
891113,4003
891126,4057
891140,4012
891154,4014
891167,4073
891180,3995
891194,4028
891208,4083
891221,3990
891234,4046
891248,4089
891262,3996
891275,4049
891289,4076
891302,3993
891315,4051
891329,4039
891343,3993
891356,4063
891370,4027
891383,4009
891397,4087
891410,4007
891424,4018
891437,4083
891451,3995
891464,4025
891478,4071
891491,4001
891505,4031
891518,4070
891532,4002
891545,4051
891559,4027
891573,3987
891586,4070
891599,4024
891613,4017
891626,4076
891640,4012
891654,4019
891667,4081
891680,3980
891694,4024
891708,4088
891721,3982
891734,4040
891748,4070
891762,3983
891775,4039
891789,4035
891802,3983
891815,4062
891829,4025
891843,4006
891856,4070
891870,4018
891883,4014
891897,4087
891910,3993
891924,4022
891937,4071
891951,3992
891964,4049
891978,4067
891991,3987
892005,4049
892018,4050
892032,3995
892045,4061
892059,4015
892073,4009
892086,4067
892099,3998
892113,4017
892126,4081
892140,4004
892153,4022
892167,4087
892180,3996
892194,4038
892208,4073
892221,3985
892234,4039
892248,4051
892262,3992
892275,4060
892289,4036
892302,4001
892315,4070
892329,4003
892343,4007
892356,4078
892370,3997
892383,4032
892397,4086
892410,3983
892424,4027
892437,4061
892451,3986
892464,4038
892478,4049
892491,3985
892505,4051
892518,4015
892532,3996
892545,4047
892559,4004
892572,4019
892586,4078
892599,3993
892613,4027
892626,4094
892640,4001
892653,4039
892667,4071
892680,3993
892694,4035
892708,4065
892721,3990
892734,4047
892748,4029
892761,4006
892775,4060
892789,4017
892802,4019
892815,4082
892829,3993
892843,4028
892856,4088
892870,3982
892883,4036
892897,4067
892910,3993
892924,4038
892937,4046
892951,3993
892964,4049
892978,4032
892991,3999
893005,4060
893018,4012
893032,4017
893045,4087
893059,3996
893072,4016
893086,4063
893099,3995
893113,4038
893126,4092
893140,3996
893153,4057
893167,4051
893180,4003
893194,4046
893208,4038
893221,4003
893234,4067
893248,4019
893261,4003
893275,4087
893289,3996
893302,4032
893315,4087
893329,4000
893343,4044
893356,4088
893370,3985
893383,4041
893397,4044
893410,3982
893424,4060
893437,4035
893451,3984
893464,4062
893478,4015
893491,4003
893505,4081
893518,3997
893532,4007
893545,4089
893559,4001
893572,4023
893586,4086
893599,3982
893613,4039
893626,4070
893640,4000
893653,4057
893667,4055
893680,3996
893694,4067
893708,4022
893721,4004
893734,4067
893748,4001
893761,4012
893775,4081
893789,3991
893802,4015
893815,4078
893829,3993
893843,4038
893856,4051
893870,3991
893883,4046
893897,4027
893910,4003
893924,4070
893937,4007
893950,4003
893964,4082
893978,4002
893991,4003
894005,4078
894018,3982
894032,4023
894045,4076
894059,3979
894072,4049
894086,4070
894099,3992
894113,4056
894126,4047
894140,4002
894153,4070
894167,4014
894180,4007
894194,4083
894207,4008
894221,4017
894234,4093
894248,3996
894261,4031
894275,4087
894289,3983
894302,4029
894315,4061
894329,4004
894343,4049
894356,4038
894369,3993
894383,4065
894396,4014
894410,3997
894424,4063
894437,3983
894450,4003
894464,4080
894478,3985
894491,4022
894505,4071
894518,3980
894532,4029
894545,4066
894559,3974
894572,4045
894586,4046
894599,3991
894613,4057
894626,4027
894640,4012
894653,4061
894667,4018
894680,4014
894694,4062
894707,3992
894721,4024
894734,4071
894748,3981
894761,4033
894775,4067
894789,3985
894802,4041
894815,4038
894829,3987
894843,4046
894856,4014
894869,4012
894883,4051
894896,4002
894910,4017
894924,4071
894937,3990
894950,4017
894964,4083
894978,3993
894991,4020
895005,4063
895018,3986
895032,4056
895045,4064
895059,3982
895072,4047
895086,4039
895099,4009
895113,4073
895126,4014
895140,4017
895153,4088
895167,4003
895180,4022
895194,4076
895207,3996
895221,4032
895234,4065
895248,3992
895261,4039
895275,4046
895288,3987
895302,4046
895315,4036
895329,4017
895343,4061
895356,4012
895369,4017
895383,4076
895396,4003
895410,4036
895424,4078
895437,3983
895450,4032
895464,4059
895478,3993
895491,4047
895505,4047
895518,3987
895532,4054
895545,4027
895559,3992
895572,4067
895586,4013
895599,4007
895613,4070
895626,3993
895640,4007
895653,4089
895667,3987
895680,4023
895694,4073
895707,4004
895721,4044
895734,4064
895748,3987
895761,4049
895775,4036
895788,3987
895802,4059
895815,4016
895829,4007
895842,4068
895856,4000
895869,4032
895883,4067
895896,3982
895910,4029
895924,4076
895937,3987
895950,4049
895964,4062
895978,3983
895991,4046
896005,4041
896018,4000
896031,4067
896045,4017
896059,4007
896072,4071
896086,4014
896099,4019
896113,4093
896126,3985
896140,4040
896153,4051
896167,3977
896180,4039
896194,4051
896207,3985
896221,4049
896234,4031
896248,3998
896261,4066
896275,4016
896288,3998
896302,4061
896315,4003
896329,4014
896342,4083
896356,3982
896369,4027
896383,4079
896396,3991
896410,4046
896424,4067
896437,3993
896450,4056
896464,4049
896478,3996
896491,4061
896505,4025
896518,3996
896531,4073
896545,3997
896559,4014
896572,4076
896585,3985
896599,4016
896613,4083
896626,3998
896640,4025
896653,4067
896667,3984
896680,4038
896694,4035
896707,3996
896721,4050
896734,4018
896748,4003
896761,4061
896775,4004
896788,4012
896802,4078
896815,3991
896829,4033
896842,4062
896856,3980
896869,4040
896883,4062
896896,3984
896910,4044
896924,4056
896937,3993
896950,4035
896964,4025
896978,3998
896991,4067
897005,3999
897018,4017
897031,4088
897045,3985
897059,4018
897072,4076
897085,3992
897099,4029
897113,4067
897126,3980
897140,4035
897153,4046
897167,3990
897180,4047
897194,4025
897207,3993
897221,4071
897234,3998
897248,4017
897261,4083
897275,4003
897288,4024
897302,4071
897315,3982
897329,4040
897342,4070
897356,3967
897369,4044
897383,4064
897396,3990
897410,4049
897424,4023
897437,4006
897450,4060
897464,4006
897477,4016
897491,4077
897504,3985
897518,4019
897531,4083
897545,3987
897559,4025
897572,4070
897585,3990
897599,4038
897613,4049
897626,3991
897640,4051
897653,4025
897666,3993
897680,4065
897694,4003
897707,4003
897721,4087
897734,4000
897748,4017
897761,4076
897775,3985
897788,4036
897802,4080
897815,3984
897829,4040
897842,4051
897856,3993
897869,4064
897883,4028
897896,3992
897910,4070
897923,4003
897937,3997
897950,4086
897964,4002
897977,4003
897991,4079
898004,3987
898018,4025
898031,4077
898045,3987
898059,4034
898072,4064
898085,3987
898099,4027
898113,4027
898126,4003
898140,4060
898153,4007
898166,3998
898180,4078
898194,4003
898207,4007
898221,4078
898234,3985
898248,4025
898261,4083
898275,3985
898288,4038
898302,4059
898315,3984
898329,4048
898342,4040
898356,3993
898369,4067
898383,3997
898396,4009
898410,4070
898423,3996
898437,4012
898450,4082
898464,3979
898477,4017
898491,4063
898504,3985
898518,4019
898531,4056
898545,3993
898559,4040
898572,4023
898585,3990
898599,4055
898613,4012
898626,4012
898640,4070
898653,3997
898666,4014
898680,4083
898694,3987
898707,4034
898721,4087
898734,3983
898748,4036
898761,4066
898775,3975
898788,4056
898802,4035
898815,3985
898829,4055
898842,3997
898856,4002
898869,4072
898883,3993
898896,4017
898910,4089
898923,3993
898937,4019
898950,4060
898964,3968
898977,4025
898991,4065
899004,3987
899018,4027
899031,4029
899045,4000
899059,4060
899072,4022
899085,4012
899099,4051
899112,4003
899126,4019
899140,4091
899153,4003
899166,4027
899180,4078
899194,3982
899207,4039
899221,4076
899234,3990
899248,4046
899261,4028
899275,3982
899288,4046
899301,3998
899315,4000
899329,4057
899342,3993
899356,4003
899369,4078
899383,3975
899396,4019
899410,4063
899423,3971
899437,4027
899450,4060
899464,3985
899477,4049
899491,4045
899504,3996
899518,4054
899531,4022
899545,4007
899559,4067
899572,3997
899585,4019
899599,4070
899612,3987
899626,4032
899640,4065
899653,3974
899666,4040
899680,4067
899694,3975
899707,4048
899720,4032
899734,3995
899748,4051
899761,4006
899775,4003
899788,4082
899801,3996
899815,4012
899829,4094
899842,3993
899856,4019
899869,4082
899883,3993
899896,4019
899910,4065
899923,3983
899937,4049
899950,4046
899964,3992
899977,4060
899991,4024
900004,4006
900018,4061
900031,4003
900045,4017
900058,4088
900072,4006
900085,4032
900099,4071
900112,3980
900126,4046
900140,4080
900153,3984
900166,4049
900180,4029
900194,3987
900207,4049
900220,4016
900234,4006
900248,4062
900261,3987
900275,4007
900288,4083
900301,3982
900315,4025
900329,4088
900342,3985
900356,4028
900369,4060
900383,3982
900396,4056
900410,4039
900423,3986
900437,4057
900450,4038
900464,4014
900477,4070
900491,4003
900504,4016
900518,4079
900531,3993
900545,4023
900558,4078
900572,3992
900585,4019
900599,4065
900612,3983
900626,4039
900639,4048
900653,4001
900666,4047
900680,3998
900694,3982
900707,4070
900720,4004
900734,4001
900747,4070
900761,3975
900775,4007
900788,4067
900801,3967
900815,4027
900829,4057
900842,3985
900856,4049
900869,4044
900883,3987
900896,4046
900910,4024
900923,4012
900937,4062
900950,3997
900964,4023
900977,4083
900991,3987
901004,4014
901018,4086
901031,3992
901045,4038
901058,4056
901072,3990
901085,4031
901099,4039
901112,3982
901126,4064
901139,4025
901153,3987
901166,4068
901180,3981
901194,4002
901207,4081
901220,3987
901234,4003
901247,4079
901261,3975
901275,4017
901288,4060
901301,3996
901315,4056
901329,4068
901342,3998
901356,4054
901369,4039
901383,4025
901396,4076
901410,4019
901423,4027
901437,4093
901450,4022
901464,4051
901477,4093
901491,3999
901504,4046
901518,4078
901531,4006
901545,4070
901558,4067
901572,4006
901585,4063
901599,4027
901612,4014
901626,4093
901639,4017
901653,4007
901666,4095
901680,4022
901693,4040
901707,4095
901720,4014
901734,4038
901747,4094
901761,4014
901775,4054
901788,4078
901801,4036
901815,4065
901829,4048
901842,4015
901856,4094
901869,4025
901883,4025
901896,4078
901910,4017
901923,4054
901936,4095
901950,4003
901964,4051
901977,4083
901991,4009
902004,4046
902018,4071
902031,4001
902045,4070
902058,4046
902072,4024
902085,4087
902099,4029
902112,4015
902126,4095
902139,4028
902153,4048
902166,4095
902180,4014
902193,4044
902207,4095
902220,4007
902234,4047
902247,4088
902261,4017
902275,4067
902288,4056
902301,4028
902315,4089
902329,4029
902342,4038
902356,4083
902369,4025
902382,4049
902396,4095
902410,4015
902423,4065
902436,4094
902450,4014
902464,4063
902477,4081
902491,4014
902504,4080
902518,4059
902531,4017
902545,4083
902558,4027
902572,4014
902585,4089
902599,4007
902612,4048
902626,4095
902639,3997
902653,4046
902666,4087
902680,4007
902693,4070
902707,4083
902720,4007
902734,4079
902747,4061
902761,4024
902775,4093
902788,4051
902801,4029
902815,4093
902829,4038
902842,4047
902855,4095
902869,4019
902882,4055
902896,4092
902910,4014
902923,4062
902936,4071
902950,4007
902964,4078
902977,4062
902991,4019
903004,4095
903018,4049
903031,4019
903045,4095
903058,4035
903072,4031
903085,4095
903099,4036
903112,4051
903126,4091
903139,4015
903153,4059
903166,4088
903180,4003
903193,4061
903207,4051
903220,4032
903234,4083
903247,4040
903261,4029
903274,4095
903288,4025
903301,4045
903315,4095
903328,4025
903342,4039
903355,4095
903369,4014
903382,4047
903396,4083
903410,4015
903423,4076
903436,4046
903450,4024
903464,4095
903477,4049
903491,4022
903504,4091
903518,4038
903531,4046
903545,4087
903558,4012
903572,4068
903585,4095
903599,4015
903612,4088
903626,4091
903639,4017
903653,4071
903666,4071
903680,4036
903693,4087
903707,4035
903720,4046
903734,4095
903747,4023
903761,4046
903774,4095
903788,4017
903801,4056
903815,4086
903828,4002
903842,4067
903855,4088
903869,4003
903882,4067
903896,4061
903910,4015
903923,4093
903936,4038
903950,4040
903964,4087
903977,4036
903991,4048
904004,4095
904017,4019
904031,4056
904045,4094
904058,4006
904072,4047
904085,4083
904099,3996
904112,4050
904126,4047
904139,4017
904153,4076
904166,4038
904180,4028
904193,4095
904207,4032
904220,4046
904234,4095
904247,4023
904261,4064
904274,4095
904288,4008
904301,4062
904315,4089
904328,4003
904342,4073
904355,4060
904369,4006
904382,4089
904396,4049
904410,4025
904423,4078
904436,4025
904450,4039
904464,4095
904477,4019
904491,4039
904504,4095
904517,4003
904531,4060
904545,4093
904558,4017
904572,4051
904585,4067
904599,4014
904612,4088
904626,4060
904639,4014
904653,4089
904666,4051
904680,4049
904693,4095
904707,4013
904720,4046
904734,4095
904747,4012
904761,4061
904774,4087
904788,4007
904801,4076
904815,4057
904828,4024
904842,4086
904855,4040
904869,4006
904882,4087
904896,4027
904910,4025
904923,4095
904936,4003
904950,4041
904963,4095
904977,4003
904991,4049
905004,4086
905017,4003
905031,4046
905045,4047
905058,4022
905071,4076
905085,4046
905099,4019
905112,4095
905126,4038
905139,4038
905153,4094
905166,3999
905180,4038
905193,4087
905207,4000
905220,4065
905234,4080
905247,3998
905261,4066
905274,4060
905288,4016
905301,4071
905315,4044
905328,4028
905342,4092
905355,4032
905369,4044
905382,4094
905396,4006
905410,4049
905423,4095
905436,4007
905450,4060
905463,4089
905477,4014
905491,4070
905504,4083
905517,4016
905531,4081
905545,4046
905558,4024
905571,4083
905585,4027
905599,4019
905612,4095
905626,4028
905639,4031
905652,4091
905666,4014
905680,4067
905693,4087
905707,4014
905720,4076
905734,4076
905747,4023
905761,4088
905774,4038
905788,4032
905801,4095
905815,4041
905828,4035
905842,4095
905855,4019
905869,4040
905882,4095
905896,4019
905910,4056
905923,4095
905936,4016
905950,4070
905963,4076
905977,4024
905990,4092
906004,4056
906017,4024
906031,4094
906045,4015
906058,4047
906071,4095
906085,4032
906099,4059
906112,4095
906126,4017
906139,4057
906152,4094
906166,3999
906180,4070
906193,4061
906207,4019
906220,4089
906234,4046
906247,4032
906261,4091
906274,4027
906288,4028
906301,4095
906315,4032
906328,4035
906342,4095
906355,4014
906369,4059
906382,4095
906396,4017
906409,4076
906423,4083
906436,4019
906450,4078
906463,4056
906477,4025
906490,4091
906504,4049
906517,4038
906531,4095
906545,4022
906558,4039
906571,4095
906585,4017
906598,4059
906612,4094
906626,4012
906639,4047
906652,4062
906666,4009
906680,4066
906693,4049
906707,4014
906720,4088
906734,4025
906747,4041
906761,4095
906774,4025
906788,4048
906801,4095
906815,4007
906828,4051
906842,4089
906855,4008
906869,4060
906882,4071
906896,4009
906909,4071
906923,4037
906936,3993
906950,4071
906963,4014
906977,4014
906990,4079
907004,4006
907017,4028
907031,4087
907045,3993
907058,4050
907071,4095
907085,3982
907098,4055
907112,4068
907126,4011
907139,4076
907152,4061
907166,4036
907180,4078
907193,4038
907207,4048
907220,4091
907234,4007
907247,4056
907261,4095
907274,4023
907288,4073
907301,4095
907315,4025
907328,4078
907342,4091
907355,4027
907369,4094
907382,4076
907396,4059
907409,4094
907423,4056
907436,4049
907450,4095
907463,4027
907477,4060
907490,4095
907504,4039
907517,4067
907531,4091
907545,4019
907558,4071
907571,4081
907585,4025
907598,4077
907612,4066
907626,4030
907639,4087
907652,4039
907666,4039
907680,4093
907693,4028
907707,4059
907720,4095
907734,4023
907747,4072
907761,4095
907774,4019
907787,4078
907801,4083
907815,4025
907828,4089
907842,4070
907855,4035
907869,4095
907882,4051
907896,4054
907909,4095
907923,4027
907936,4065
907950,4095
907963,4028
907977,4076
907990,4095
908004,4019
908017,4072
908031,4078
908044,4025
908058,4091
908071,4067
908085,4034
908098,4095
908112,4049
908126,4047
908139,4095
908152,4039
908166,4049
908180,4095
908193,4025
908206,4067
908220,4095
908233,4019
908247,4080
908261,4095
908274,4034
908287,4093
908301,4076
908315,4039
908328,4093
908342,4062
908355,4048
908369,4095
908382,4048
908396,4062
908409,4095
908423,4029
908436,4078
908450,4095
908463,4036
908477,4087
908490,4095
908504,4028
908517,4093
908531,4082
908544,4044
908558,4094
908571,4059
908585,4057
908598,4095
908612,4046
908626,4056
908639,4095
908652,4034
908666,4061
908680,4095
908693,4036
908706,4086
908720,4095
908733,4025
908747,4091
908761,4076
908774,4027
908787,4095
908801,4067
908815,4046
908828,4095
908842,4057
908855,4060
908869,4095
908882,4036
908896,4083
908909,4095
908923,4015
908936,4071
908950,4095
908963,4032
908977,4081
908990,4080
909004,4023
909017,4087
909031,4047
909044,4039
909058,4095
909071,4040
909085,4067
909098,4095
909112,4025
909125,4083
909139,4095
909152,4012
909166,4076
909180,4095
909193,4033
909206,4093
909220,4083
909233,4036
909247,4095
909261,4071
909274,4049
909287,4095
909301,4068
909315,4061
909328,4095
909342,4027
909355,4061
909369,4095
909382,4034
909396,4083
909409,4095
909423,4025
909436,4095
909450,4087
909463,4028
909477,4095
909490,4076
909504,4055
909517,4095
909531,4048
909544,4073
909558,4095
909571,4031
909585,4089
909598,4095
909612,4019
909625,4070
909639,4095
909652,4012
909666,4095
909679,4078
909693,4019
909706,4095
909720,4046
909733,4027
909747,4095
909761,4039
909774,4049
909787,4095
909801,4027
909815,4064
909828,4095
909842,4023
909855,4047
909868,4094
909882,4031
909896,4078
909909,4076
909923,4038
909936,4089
909950,4063
909963,4039
909977,4095
909990,4040
910004,4057
910017,4095
910031,4019
910044,4065
910058,4095
910071,4007
910085,4066
910098,4095
910112,4012
910125,4086
910139,4071
910152,4017
910166,4092
910179,4051
910193,4023
910206,4095
910220,4038
910233,4049
910247,4095
910261,4029
910274,4073
910287,4095
910301,4019
910315,4086
910328,4091
910342,4025
910355,4088
910368,4078
910382,4014
910396,4094
910409,4067
910422,4048
910436,4095
910450,4049
910463,4057
910477,4095
910490,4040
910504,4067
910517,4095
910531,4007
910544,4078
910558,4095
910571,4024
910585,4092
910598,4079
910612,4037
910625,4093
910639,4068
910652,4039
910666,4095
910679,4050
910693,4049
910706,4095
910720,4025
910733,4068
910747,4095
910761,4024
910774,4070
910787,4095
910801,4028
910815,4078
910828,4077
910842,4029
910855,4089
910868,4062
910882,4054
910896,4095
910909,4046
910922,4057
910936,4095
910950,4025
910963,4067
910977,4095
910990,4019
911004,4063
911017,4095
911031,4044
911044,4077
911058,4095
911071,4048
911085,4095
911098,4078
911112,4059
911125,4095
911139,4068
911152,4055
911166,4095
911179,4039
911193,4039
911206,4095
911220,4025
911233,4076
911247,4088
911261,4017
911274,4078
911287,4078
911301,4025
911314,4095
911328,4080
911341,4048
911355,4095
911368,4057
911382,4059
911396,4095
911409,4046
911422,4065
911436,4095
911450,4022
911463,4057
911477,4087
911490,4017
911503,4071
911517,4081
911531,4014
911544,4089
911558,4072
911571,4027
911585,4095
911598,4056
911612,4056
911625,4095
911639,4032
911652,4057
911666,4095
911679,4017
911693,4066
911706,4095
911720,4023
911733,4076
911747,4092
911760,4032
911774,4094
911787,4071
911801,4031
911814,4095
911828,4057
911841,4044
911855,4095
911868,4031
911882,4057
911896,4095
911909,4017
911922,4078
911936,4087
911950,4019
911963,4083
911977,4091
911990,4034
912003,4091
912017,4070
912031,4040
912044,4095
912058,4066
912071,4024
912085,4095
912098,4049
912112,4062
912125,4095
912139,4025
912152,4063
912166,4095
912179,4015
912193,4083
912206,4091
912220,4032
912233,3743
912247,3486
912260,3247
912274,3022
912287,2819
912301,2631
912314,2454
912328,2288
912341,2138
912355,1987
912368,1860
912382,1736
912396,1617
912409,1507
912422,1411
912436,1311
912450,1225
912463,1145
912477,1069
912490,995
912502,938
912515,884
912527,825
912540,778
912553,732
912565,684
912577,643
912590,604
912602,570
912615,534
912627,502
912640,471
912652,445
912665,418
912677,393
912690,370
912702,347
912715,326
912727,308
912740,291
912752,272
912764,257
912777,242
912789,228
912802,216
912814,202
912827,191
912839,181
912852,168
912864,161
912877,150
912889,142
912902,133
912914,127
912927,119
912939,112
912951,106
912964,100
912977,95
912988,90
913000,87
913011,80
913022,78
913034,74
913045,72
913056,66
913068,63
913079,62
913091,58
913102,56
913114,52
913125,50
913137,47
913148,45
913159,42
913171,41
913182,39
913194,38
913205,36
913217,33
913228,32
913240,32
913251,29
913262,28
913274,27
913285,26
913297,25
913308,24
913320,25
913331,22
913342,20
913354,21
913365,19
913377,19
913388,18
913399,18
913411,17
913422,19
913434,15
913445,15
913457,14
913468,13
913480,13
913491,13
913502,13
913514,12
913525,11
913537,12
913548,12
913560,10
913571,12
913583,10
913594,10
913605,9
913616,9
913626,11
913638,9
913648,10
913659,8
913670,9
913680,8
913690,9
913701,7
913711,8
913722,8
913732,7
913742,8
913753,7
913763,6
913774,8
913784,7
913794,8
913805,7
913815,6
913826,7
913836,6
913846,7
913857,6
913867,8
913878,6
913888,7
913898,6
913909,7
913919,5
913930,6
913940,5
913950,7
913961,6
913971,6
913982,5
913992,4
914002,5
914013,5
914023,4
914033,6
914044,4
914054,4
914065,5
914075,4
914085,4
914096,4
914106,4
914117,4
914127,4
914137,4
914148,5
914158,4
914169,6
914179,3
914189,4
914200,3
914210,3
914221,6
914231,3
914241,4
914252,3
914262,5
914273,5
914283,3
914293,3
914304,4
914314,4
914325,3
914335,4
914345,4
914356,4
914366,4
914377,4
914387,4
914397,5
914408,4
914418,3
914429,3
914439,3
914449,3
914460,3
914470,3
914481,2
914491,2
914501,3
914512,2
914522,3
914532,3
914543,3
914553,3
914564,3
914574,3
914584,3
914595,4
914605,4
914616,2
914626,2
914636,3
914647,3
914657,1
914668,3
914678,2
914688,2
914699,3
914709,3
914720,4
914730,5
914740,2
914751,5
914761,1
914772,2
914782,3
914792,4
914803,4
914813,2
914824,2
914834,3
914844,2
914855,4
914865,2
914876,3
914886,1
914896,2
914907,3
914917,4
914928,3
914938,2
914948,1
914959,2
914969,2
914980,2
914990,3
915000,2
915011,2
915021,3
915032,3
915042,2
915052,1
915063,2
915073,2
915083,2
915094,2
915104,2
915115,3
915125,1
915135,2
915146,1
915156,2
915167,2
915177,3
915187,2
915198,4
915208,3
915219,1
915229,2
915239,1
915250,4
915260,2
915271,2
915281,3
915291,1
915302,2
915312,2
915323,2
915333,2
915343,2
915354,2
915364,2
915375,2
915385,1
915395,2
915406,2
915416,1
915427,1
915437,3
915447,1
915458,3
915468,3
915479,4
915489,1
915499,1
915510,2
915520,2
915531,1
915541,3
915551,3
915562,1
915572,1
915582,3
915593,1
915603,2
915614,2
915624,1
915634,3
915645,4
915655,1
915666,1
915676,3
915686,2
915697,1
915707,2
915718,3
915728,2
915738,1
915749,2
915759,3
915770,3
915780,2
915790,2
915801,2
915811,3
915822,1
915832,1
915842,1
915853,2
915863,1
915874,3
915884,2
915894,0
915905,4
915915,1
915926,1
915936,2
915946,0
915957,2
915967,0
915978,1
915988,2
915998,2
916009,4
916019,4
916029,1
916040,1
916050,0
916061,2
916071,1
916081,2
916092,1
916102,2
916113,3
916123,0
916133,2
916144,1
916154,3
916165,0
916175,1
916185,1
916196,2
916206,1
916217,1
916227,1
916237,1
916248,3
916258,1
916269,0
916279,2
916289,0
916300,2
916310,1
916320,1
916331,0
916341,1
916352,0
916362,1
916372,1
916383,3
916393,1
916404,1
916414,2
916424,0
916435,0
916445,0
916456,2
916466,1
916476,1
916487,2
916497,1
916508,1
916518,1
916528,0
916539,2
916549,2
916560,3
916570,1
916580,1
916591,1
916601,0
916612,1
916622,1
916632,1
916643,3
916653,0
916663,1
916674,0
916684,1
916695,0
916705,0
916715,1
916726,0
916736,2
916747,1
916757,0
916767,1
916778,0
916788,0
916799,1
916809,1
916819,2
916830,1
916840,2
916851,3
916861,1
916871,0
916882,0
916892,2
916903,2
916913,1
916923,0
916934,1
916944,1
916955,1
916965,1
916975,1
916986,2
916996,0
917006,0
917017,2
917027,2
917038,1
917048,1
917058,4
917069,0
917079,1
917090,0
917100,1
917110,1
917121,1
917131,0
917142,0
917152,1
917162,0
917173,1
917183,0
917194,1
917204,1
917214,0
917225,1
917235,1
917246,2
917256,1
917266,0
917277,2
917287,2
917297,0
917308,1
917318,2
917329,2
917339,1
917349,1
917360,1
917370,3